id,name,slogan,address
1,Orn and Sons,iterate sexy schemas,72 North Street
2,Rau LLC,cultivate open-source mindshare,252 Shoshone Crossing
3,Williamson and Sons,e-enable cross-platform markets,8 Everett Pass
4,"Mann, Monahan and Gleason",exploit compelling technologies,899 Dayton Hill
5,"Hodkiewicz, Williamson and Hirthe",generate killer methodologies,0157 Summit Terrace
6,McDermott Inc,redefine dot-com functionalities,25 Dwight Pass
7,Dicki-Mraz,repurpose back-end models,6 Porter Pass
8,Schmidt and Sons,disintermediate innovative synergies,77255 Esker Plaza
9,Ledner and Sons,architect transparent e-markets,52 Tomscot Street
10,Doyle-Anderson,generate B2B e-tailers,594 Northland Alley
11,Johnston Inc,revolutionize end-to-end e-markets,543 Lawn Avenue
12,"Cruickshank, Schuppe and Bins",productize wireless solutions,1 Mesta Court
13,Halvorson-Dare,scale transparent paradigms,94 Butternut Terrace
14,Kuphal-Larson,transform real-time bandwidth,38115 8th Pass
15,Monahan and Sons,disintermediate transparent partnerships,3 Debra Junction
16,Parisian-Greenholt,streamline 24/7 paradigms,8976 North Circle
17,Bogan-Cole,evolve ubiquitous users,071 Orin Terrace
18,"Schowalter, Veum and Ortiz",unleash robust e-commerce,90 Merchant Trail
19,Zieme and Sons,iterate value-added channels,3853 Erie Point
20,"Bechtelar, Barrows and Hodkiewicz",whiteboard real-time relationships,865 Golden Leaf Plaza
21,Welch-Lebsack,incubate wireless infomediaries,1443 Golf Park
22,"Bechtelar, Barton and Hamill",implement impactful mindshare,998 Morningstar Court
23,Grady Group,cultivate dot-com relationships,839 Dixon Court
24,"Gottlieb, McDermott and Ebert",engineer cutting-edge action-items,58379 Dawn Hill
25,Wisoky Inc,monetize mission-critical platforms,98287 Wayridge Lane
26,Beier-Feest,orchestrate scalable models,3854 Grim Place
27,Green Group,disintermediate ubiquitous schemas,2 Spaight Park
28,"Bahringer, Turner and Smitham",generate value-added deliverables,74 Fallview Lane
29,"Kirlin, Homenick and Watsica",morph leading-edge experiences,43515 Katie Avenue
30,Kozey-Schroeder,cultivate turn-key channels,4 Morrow Park
31,Rutherford Group,deploy innovative supply-chains,36 Havey Trail
32,Hickle and Sons,aggregate visionary web-readiness,38 Lotheville Pass
33,Kshlerin-Keeling,orchestrate customized vortals,3885 Arizona Way
34,Schinner-Wyman,generate extensible portals,5386 Scoville Road
35,Prohaska-Mueller,generate visionary systems,8 Di Loreto Trail
36,Lakin LLC,innovate dot-com initiatives,76 Lakewood Gardens Circle
37,Harvey Group,morph global e-services,904 Fairfield Alley
38,Berge Group,transform wireless communities,50 Lillian Court
39,Wolff and Sons,brand sticky paradigms,5350 Buena Vista Place
40,Oberbrunner-O'Conner,integrate front-end paradigms,98403 Rockefeller Road
41,"Ziemann, Okuneva and Tromp",innovate dot-com solutions,7 Clarendon Junction
42,Morar Group,whiteboard intuitive relationships,87 Melody Plaza
43,Runte Inc,evolve 24/7 users,6304 Cherokee Plaza
44,"Welch, Fahey and Stoltenberg",transform mission-critical users,872 Ridgeway Pass
45,Stamm-Considine,monetize sticky synergies,380 Merchant Pass
46,Mueller-Kessler,target cross-platform content,54855 Nobel Pass
47,Pollich-DuBuque,syndicate holistic methodologies,7 Sundown Plaza
48,Miller-D'Amore,implement world-class applications,36201 Anhalt Alley
49,"Bogan, Reichert and Mohr",facilitate innovative web services,76252 Banding Way
50,"Abbott, Quitzon and Glover",transition dynamic networks,7 Helena Road
51,Christiansen-Reilly,monetize back-end e-services,6 Anzinger Lane
52,Tillman Group,evolve wireless vortals,43 Trailsway Hill
53,Schaefer-Tremblay,redefine sexy schemas,28 Sunnyside Plaza
54,"Ebert, Bogan and Ernser",productize mission-critical technologies,5 Rieder Center
55,Blick LLC,repurpose robust niches,115 Pearson Pass
56,Witting-Rau,engineer user-centric synergies,545 Declaration Terrace
57,Veum and Sons,strategize ubiquitous communities,16 Burrows Trail
58,"Pouros, Baumbach and Balistreri",visualize strategic experiences,519 Service Plaza
59,Bergstrom and Sons,target turn-key applications,275 Bartelt Court
60,Carroll and Sons,extend open-source web services,79786 Fallview Pass
61,Lang-Boyle,transform ubiquitous synergies,39 Superior Way
62,Jakubowski-Hackett,optimize ubiquitous models,9677 Park Meadow Court
63,Dach-Bashirian,maximize cross-platform infomediaries,27695 Prentice Plaza
64,"Borer, Watsica and Blanda",disintermediate one-to-one supply-chains,2346 Clove Center
65,Hilll and Sons,synthesize integrated bandwidth,3 Pond Lane
66,Blick-Wunsch,extend bricks-and-clicks convergence,221 Mifflin Park
67,Hayes Inc,revolutionize clicks-and-mortar bandwidth,390 International Avenue
68,"Crona, Stiedemann and Fritsch",reinvent vertical convergence,8646 Hansons Drive
69,Littel-Bayer,synergize real-time channels,2 Meadow Vale Court
70,"Corwin, Ruecker and Nitzsche",exploit back-end content,73 Orin Lane
71,"Orn, Cole and Predovic",innovate compelling communities,078 Waxwing Road
72,Wintheiser Inc,harness customized models,4 Westerfield Parkway
73,"Boyle, Haag and Stracke",deliver rich web-readiness,38 West Lane
74,Kreiger-Koch,facilitate clicks-and-mortar interfaces,38 Jackson Park
75,Cartwright-Feil,reinvent vertical niches,10945 Straubel Drive
76,Gleason-Sipes,harness world-class vortals,5460 Thompson Circle
77,"Labadie, Veum and Kovacek",deploy synergistic vortals,23431 Forest Lane
78,Auer-Wiza,embrace frictionless content,50473 Arrowood Trail
79,Miller LLC,drive cross-platform methodologies,7112 Marquette Pass
80,Williamson and Sons,deploy viral partnerships,9 Mendota Pass
81,Wiza-Christiansen,cultivate web-enabled synergies,5 Fallview Avenue
82,"Runolfsdottir, Kreiger and Mohr",e-enable intuitive infrastructures,6961 5th Lane
83,"Kerluke, Rosenbaum and Harris",cultivate 24/365 platforms,1 Bunting Road
84,Berge Group,reintermediate intuitive paradigms,843 Tennyson Road
85,Legros-Kihn,visualize impactful mindshare,47 Division Avenue
86,Zboncak and Sons,harness transparent schemas,81898 Holy Cross Drive
87,"Kub, Hilll and Gottlieb",productize web-enabled supply-chains,9 Reinke Street
88,Ratke-Ruecker,exploit real-time markets,63 Talisman Street
89,Stoltenberg-Kertzmann,cultivate e-business communities,2 Elka Pass
90,Kerluke LLC,repurpose cross-media infomediaries,7988 Talisman Park
91,"Mills, Casper and Roob",evolve cutting-edge action-items,506 Canary Trail
92,Bednar-Huel,innovate best-of-breed networks,96 Ohio Drive
93,"Kovacek, Von and McCullough",empower end-to-end functionalities,7 Old Gate Park
94,Trantow and Sons,seize interactive architectures,1099 Mallard Parkway
95,"Hoeger, Rosenbaum and Oberbrunner",deliver granular e-services,7654 Upham Point
96,"Beahan, Bernier and Bailey",scale global markets,67164 Bartelt Way
97,Sawayn-Okuneva,facilitate integrated partnerships,113 Arizona Point
98,Hansen-MacGyver,visualize scalable ROI,16 Troy Alley
99,Armstrong-Zemlak,strategize turn-key functionalities,47 Brentwood Junction
100,Smith-Quigley,evolve mission-critical markets,4 Brown Junction
101,Corkery LLC,synthesize world-class solutions,2 Myrtle Parkway
102,Vandervort Inc,recontextualize bleeding-edge metrics,4 Hovde Hill
103,White Inc,integrate wireless applications,1 Northland Pass
104,"Reinger, Stiedemann and Effertz",extend proactive channels,64743 Rowland Junction
105,Herzog-Schuster,syndicate wireless partnerships,4293 Saint Paul Terrace
106,Gleichner Group,brand intuitive infrastructures,90 Valley Edge Circle
107,"Jones, Jones and Gibson",redefine integrated ROI,02 Clyde Gallagher Place
108,"O'Keefe, Wintheiser and Herman",deploy customized experiences,91895 Forest Lane
109,Veum and Sons,grow dot-com supply-chains,7 Hayes Trail
110,Baumbach-Lindgren,synthesize front-end bandwidth,04086 Sycamore Junction
111,Cruickshank Inc,envisioneer cross-media mindshare,75 Memorial Parkway
112,"Halvorson, Roob and Von",target open-source web services,775 Lakeland Crossing
113,Wilderman Inc,implement collaborative e-markets,9 Ridge Oak Park
114,"Herzog, Rempel and Zieme",implement seamless eyeballs,54 Raven Parkway
115,Witting-D'Amore,incentivize e-business deliverables,97526 Hagan Plaza
116,"Ward, Brakus and Upton",disintermediate web-enabled systems,02900 Warbler Crossing
117,"Hammes, Emmerich and Marks",benchmark dynamic partnerships,928 Gina Circle
118,"Skiles, Fay and Reilly",embrace cutting-edge applications,93 Basil Avenue
119,Feil and Sons,deploy proactive platforms,8 Delladonna Circle
120,"Nader, Batz and Kiehn",maximize sticky e-markets,57373 Orin Place
121,Zieme-Tromp,drive revolutionary deliverables,8 Northwestern Plaza
122,Romaguera-Swaniawski,utilize dynamic deliverables,5 Everett Trail
123,"Olson, Cummings and Bayer",exploit intuitive relationships,05 Spaight Center
124,Heathcote Inc,extend 24/365 schemas,8 Russell Way
125,Willms Inc,implement clicks-and-mortar paradigms,0017 Coolidge Avenue
126,Hayes-Zulauf,expedite next-generation users,598 Troy Drive
127,White LLC,integrate transparent channels,370 Atwood Center
128,Daniel Group,maximize killer web-readiness,45016 Tomscot Trail
129,Bailey-Brekke,reintermediate bleeding-edge convergence,6 Melody Place
130,Klocko and Sons,iterate value-added interfaces,52412 Gerald Circle
131,Robel-Hermiston,e-enable revolutionary metrics,33619 Main Pass
132,Mosciski and Sons,expedite real-time relationships,23 Bonner Trail
133,Wunsch-Wiegand,e-enable integrated architectures,298 Brentwood Alley
134,"Bartell, Wunsch and Osinski",synthesize B2B supply-chains,507 Spaight Road
135,O'Reilly and Sons,cultivate magnetic ROI,2 Macpherson Street
136,Reynolds-Wolff,recontextualize customized content,7101 Cottonwood Alley
137,Stiedemann Group,orchestrate integrated web services,979 Tomscot Trail
138,Schuster Inc,expedite robust e-commerce,88 High Crossing Hill
139,Wiza LLC,reintermediate vertical e-markets,4 Grasskamp Way
140,"Hansen, Beatty and Hansen",extend magnetic niches,421 Daystar Trail
141,Johnston and Sons,reinvent enterprise applications,0 Muir Trail
142,Simonis and Sons,revolutionize efficient relationships,6841 Crownhardt Circle
143,Connelly Group,empower front-end relationships,85998 Myrtle Pass
144,"Nitzsche, Walter and Abshire",embrace wireless channels,911 Mockingbird Lane
145,"Swaniawski, Hahn and Abbott",enhance proactive web services,060 Becker Parkway
146,Sawayn and Sons,leverage web-enabled communities,86 North Point
147,Smitham Inc,implement end-to-end systems,2 Chive Pass
148,"Ritchie, Hackett and Volkman",incentivize transparent models,7 Sloan Street
149,Connelly-Bechtelar,recontextualize user-centric metrics,67820 Pearson Pass
150,Glover-Greenholt,productize innovative architectures,780 Northridge Street
151,Spencer LLC,streamline out-of-the-box supply-chains,8 Atwood Point
152,Daugherty LLC,streamline world-class e-business,0845 Pleasure Place
153,"Rodriguez, Veum and Lemke",exploit web-enabled infomediaries,223 Oneill Road
154,"Senger, Donnelly and Hudson",disintermediate integrated supply-chains,9588 Northfield Parkway
155,Mitchell-Willms,deploy innovative solutions,43963 Grover Center
156,Dietrich Inc,deploy efficient metrics,140 Forest Dale Park
157,"Nienow, Crist and Heller",transform proactive methodologies,6 Hansons Pass
158,"Wisoky, Johns and Robel",architect back-end convergence,28 Monterey Trail
159,"Marks, Gleason and Olson",reinvent interactive interfaces,4 Portage Avenue
160,"Heller, Senger and Robel",scale cross-media niches,94106 Loeprich Point
161,Emard Group,revolutionize revolutionary supply-chains,260 Shasta Lane
162,"Hettinger, Abbott and Kovacek",enable 24/365 initiatives,15938 Namekagon Road
163,Nolan Group,facilitate cross-media niches,34204 Stoughton Lane
164,Fisher LLC,exploit sticky experiences,855 Menomonie Road
165,"Fritsch, Swaniawski and Reilly",recontextualize rich communities,711 Arizona Avenue
166,Ledner LLC,target end-to-end partnerships,27053 Commercial Road
167,Bradtke-Thiel,maximize user-centric paradigms,74356 Lerdahl Lane
168,Powlowski-Grady,envisioneer cross-platform content,73 Crowley Road
169,"Yost, Leuschke and Little",iterate granular partnerships,37277 Browning Hill
170,Kozey-Considine,aggregate innovative content,2894 Acker Center
171,"West, Blanda and Bogisich",grow collaborative paradigms,793 Buena Vista Circle
172,Runte Group,expedite front-end metrics,35 Vernon Point
173,Fay-Russel,deliver next-generation deliverables,26743 Oriole Court
174,O'Keefe LLC,architect cutting-edge e-services,479 Arapahoe Avenue
175,"Spencer, Ondricka and Tillman",evolve holistic portals,45 Reinke Circle
176,Weimann-Ruecker,disintermediate bleeding-edge supply-chains,7854 Haas Point
177,Trantow and Sons,engineer front-end e-markets,957 Fairview Street
178,Wiegand Group,visualize back-end paradigms,846 Monterey Road
179,Bauch Inc,disintermediate ubiquitous eyeballs,208 Magdeline Hill
180,"Gutmann, Berge and Frami",exploit 24/7 e-business,1424 Luster Hill
181,"Stamm, Haag and Batz",revolutionize front-end e-services,67859 Tennessee Pass
182,"Runolfsdottir, Hessel and Lubowitz",redefine cross-platform communities,5761 Lakeland Junction
183,Stehr-Stamm,orchestrate holistic systems,6 Debs Trail
184,Satterfield-Bergnaum,brand clicks-and-mortar content,97 Loomis Alley
185,"Pacocha, Schmitt and Glover",incubate distributed mindshare,3703 Veith Terrace
186,Senger-Davis,enable end-to-end metrics,016 Carpenter Lane
187,Casper Inc,brand seamless niches,5543 Holmberg Plaza
188,Fahey and Sons,optimize turn-key interfaces,88 Pawling Crossing
189,Volkman-Gutmann,reinvent one-to-one content,3 Briar Crest Park
190,Gottlieb LLC,transition frictionless ROI,5 Esker Parkway
191,Schroeder-Kuhic,aggregate dynamic solutions,324 Almo Road
192,Corkery-Hilpert,productize bricks-and-clicks initiatives,8 Burrows Center
193,Schamberger-Schowalter,engage next-generation web-readiness,08 Spaight Lane
194,Mayert Group,recontextualize out-of-the-box e-markets,56306 Mitchell Place
195,Ullrich Group,syndicate holistic users,417 Hoard Junction
196,Abshire Group,seize one-to-one channels,69260 Truax Junction
197,Dickinson LLC,target real-time partnerships,38 Westend Center
198,Waelchi LLC,cultivate dot-com users,5 Marcy Crossing
199,Morar Group,transition B2B users,47965 Dahle Lane
200,"Gleichner, Feest and Kihn",evolve intuitive action-items,138 Trailsway Circle
201,Gusikowski LLC,transform cutting-edge web-readiness,73513 Corben Point
202,Marquardt and Sons,recontextualize global methodologies,375 Linden Hill
203,Collier-Beier,engineer web-enabled e-tailers,9045 Tennyson Circle
204,Rosenbaum-Kassulke,synergize global mindshare,36299 Marquette Crossing
205,Schultz-Kling,synthesize robust portals,70721 Hanover Trail
206,Carter Group,brand innovative schemas,91 Birchwood Hill
207,"Fadel, Stroman and Hauck",productize real-time solutions,44010 Blackbird Plaza
208,Bailey Inc,engineer proactive systems,2290 Drewry Terrace
209,Kilback and Sons,engineer integrated infomediaries,4 Oxford Pass
210,Corwin LLC,syndicate B2B infrastructures,8056 Judy Lane
211,"Watsica, Weber and Hansen",incentivize ubiquitous e-commerce,3163 Rigney Trail
212,"Leuschke, Torp and Walker",empower robust eyeballs,3108 Riverside Street
213,Schumm-Stoltenberg,repurpose bricks-and-clicks e-business,8965 Washington Pass
214,Stamm-D'Amore,synergize interactive mindshare,2197 3rd Alley
215,Hoeger and Sons,reintermediate compelling web-readiness,17779 Homewood Terrace
216,"Glover, Wisoky and Dickens",drive revolutionary eyeballs,007 Blackbird Avenue
217,Gottlieb-Schneider,extend impactful paradigms,3 Walton Avenue
218,Brakus and Sons,monetize open-source mindshare,969 Glendale Pass
219,"Muller, Rutherford and Turner",matrix dynamic partnerships,8363 Scott Avenue
220,Hilll and Sons,deploy viral e-tailers,055 Anniversary Crossing
221,"Cummings, Bahringer and Hickle",recontextualize vertical e-business,0865 Hooker Terrace
222,"Bayer, Wuckert and Gutmann",deliver one-to-one ROI,79382 American Ash Plaza
223,Rowe-Veum,whiteboard clicks-and-mortar ROI,6551 Warner Drive
224,Schuppe Inc,generate bricks-and-clicks web services,1 Maple Lane
225,Okuneva Inc,brand integrated relationships,90 Canary Point
226,"Boyer, Kiehn and Lemke",visualize frictionless convergence,570 Dakota Terrace
227,Gerhold Inc,enable extensible channels,22 Autumn Leaf Street
228,"Cruickshank, Lueilwitz and Nienow",incubate world-class web services,4139 Spenser Road
229,Schaden Group,whiteboard front-end synergies,9 Monica Pass
230,Flatley Inc,benchmark front-end technologies,4319 Hansons Alley
231,Buckridge Inc,cultivate holistic methodologies,637 Iowa Road
232,"Schowalter, Ledner and Considine",expedite proactive communities,69449 Superior Park
233,"Quigley, Abshire and Graham",deploy revolutionary infrastructures,21 Dahle Avenue
234,"Torp, Durgan and Cassin",facilitate B2B functionalities,2839 Thackeray Point
235,"Gleichner, Stanton and Daniel",exploit vertical e-tailers,96090 Holy Cross Terrace
236,"Daniel, Hintz and Brown",e-enable value-added niches,6144 Waubesa Point
237,Bartoletti Inc,utilize virtual infrastructures,8 Macpherson Avenue
238,Mitchell and Sons,deliver ubiquitous infrastructures,328 Buena Vista Park
239,Conn LLC,productize extensible portals,3 Garrison Park
240,"Feest, Marquardt and Rohan",repurpose wireless e-services,88140 Thompson Drive
241,"Roob, Abernathy and Ebert",transform enterprise metrics,490 Victoria Road
242,Rippin-Rolfson,grow leading-edge networks,101 Bunker Hill Terrace
243,Pfannerstill and Sons,grow sexy users,2286 School Place
244,Herzog-Bailey,embrace one-to-one portals,92 Clarendon Court
245,Block Inc,optimize killer e-tailers,004 Waywood Park
246,"Crooks, Kohler and Zemlak",engage leading-edge niches,5 Thackeray Street
247,"Murphy, Daugherty and Senger",leverage granular metrics,5 Spaight Road
248,"Schmeler, Stoltenberg and Gutkowski",envisioneer enterprise channels,5438 Hoepker Pass
249,Grimes-Aufderhar,mesh 24/7 ROI,6132 Tennyson Drive
250,Berge LLC,extend seamless experiences,0 Del Sol Drive
251,Lynch-Walker,e-enable integrated platforms,5 Dakota Circle
252,"Sipes, Nikolaus and Marquardt",maximize one-to-one e-markets,2243 Huxley Alley
253,Breitenberg-Roberts,envisioneer wireless models,9500 Melody Trail
254,Ferry and Sons,syndicate transparent schemas,23179 Dayton Center
255,Kuhlman LLC,reinvent efficient convergence,9 Stone Corner Park
256,Maggio Group,brand cross-media relationships,05095 Reinke Crossing
257,Buckridge-Cole,facilitate extensible partnerships,87219 Reindahl Way
258,Stiedemann-Welch,streamline transparent metrics,3269 Melrose Street
259,"Cormier, Schneider and Ratke",disintermediate real-time applications,03894 Del Mar Crossing
260,Jast Group,reinvent end-to-end web-readiness,1145 Sommers Avenue
261,Barrows LLC,grow web-enabled infrastructures,8 Kipling Junction
262,Gerlach-Rogahn,streamline holistic architectures,84 Magdeline Lane
263,"Shields, Boyer and Bechtelar",syndicate magnetic models,4314 Del Mar Trail
264,Pfannerstill-Reichert,matrix clicks-and-mortar communities,44897 Lakewood Gardens Pass
265,"Jenkins, Cummerata and Moore",innovate plug-and-play web-readiness,0965 Cordelia Drive
266,West LLC,optimize world-class content,5665 Sunfield Court
267,Hamill LLC,matrix web-enabled interfaces,0842 Dottie Junction
268,McKenzie Inc,deploy rich models,39 Nelson Plaza
269,Strosin-Davis,unleash bleeding-edge e-business,1 Garrison Junction
270,Abernathy-Braun,visualize dynamic e-business,656 Carioca Street
271,"Mitchell, Will and McDermott",cultivate sticky e-commerce,18 High Crossing Junction
272,Carroll and Sons,maximize user-centric bandwidth,6492 Raven Parkway
273,Kertzmann-Roberts,morph vertical experiences,94 Becker Drive
274,Gutkowski-Borer,integrate front-end markets,203 Ramsey Crossing
275,Torp-Grady,target distributed metrics,20419 Utah Hill
276,Greenfelder Inc,e-enable holistic deliverables,927 Forest Dale Lane
277,"Conroy, Ondricka and Dare",mesh one-to-one content,8830 Stoughton Junction
278,"Purdy, Hartmann and Schmidt",empower value-added synergies,36989 Main Center
279,Rodriguez Group,harness magnetic action-items,151 Mitchell Place
280,Daugherty-Schinner,incentivize real-time niches,4837 Forest Run Parkway
281,"Fisher, Hermann and Gulgowski",streamline innovative ROI,82 Gateway Place
282,Jenkins Group,generate mission-critical portals,96332 Karstens Lane
283,Beier-Feest,orchestrate e-business e-commerce,25 North Trail
284,Harvey and Sons,synergize granular platforms,4 Jenifer Park
285,Schuster Inc,architect sexy deliverables,5 Coleman Trail
286,Daniel Inc,disintermediate enterprise systems,11 Gerald Crossing
287,Anderson LLC,visualize clicks-and-mortar vortals,721 Fair Oaks Circle
288,Price-Harvey,disintermediate interactive interfaces,8 Di Loreto Circle
289,Macejkovic LLC,embrace rich niches,492 Division Terrace
290,Considine and Sons,monetize cross-platform niches,7553 Oakridge Circle
291,Dibbert Group,target holistic platforms,88 Melvin Plaza
292,Hilpert Group,visualize killer technologies,289 Mayer Circle
293,Botsford Inc,redefine strategic technologies,4 Coolidge Pass
294,Powlowski-Langosh,expedite leading-edge communities,0 Emmet Circle
295,Jacobi Inc,grow cross-media communities,0701 Summit Plaza
296,Kemmer-Hudson,synergize turn-key e-business,71 Union Road
297,"McDermott, Gislason and Schroeder",utilize distributed e-markets,225 East Crossing
298,"Nienow, Senger and Rogahn",drive magnetic niches,0938 Hovde Street
299,"Littel, Fahey and Osinski",orchestrate cutting-edge action-items,12707 Memorial Terrace
300,Klocko LLC,generate cross-media infomediaries,4671 Bellgrove Point
301,"Labadie, Bailey and Powlowski",recontextualize turn-key metrics,5265 Carioca Point
302,Schmidt-Carter,grow 24/7 architectures,8532 Pankratz Circle
303,Legros Group,integrate real-time partnerships,8854 Talisman Plaza
304,Stanton-Beier,seize visionary systems,843 Sloan Junction
305,"Price, Cassin and Bashirian",deploy cross-media deliverables,4634 Oakridge Pass
306,"MacGyver, Ledner and Purdy",innovate frictionless ROI,77052 Annamark Way
307,Mitchell-Koss,cultivate seamless supply-chains,30382 Katie Hill
308,Wunsch-Hermann,engage one-to-one e-markets,9683 Mallard Junction
309,Bednar-Turcotte,extend front-end deliverables,2309 Menomonie Lane
310,Corwin-Blanda,unleash back-end convergence,778 Paget Court
311,Tremblay LLC,cultivate proactive e-commerce,9811 Sherman Lane
312,Emard Inc,architect strategic relationships,56651 Blue Bill Park Plaza
313,"Heidenreich, Lowe and Hahn",evolve holistic ROI,2 Northwestern Crossing
314,Macejkovic Group,whiteboard value-added deliverables,4674 Blackbird Alley
315,"Gutkowski, Stoltenberg and Fritsch",evolve B2C supply-chains,01890 Daystar Way
316,Kuphal Group,utilize best-of-breed deliverables,3 Clemons Road
317,Wehner-McLaughlin,revolutionize cutting-edge e-services,09628 Rowland Lane
318,Cartwright-Considine,streamline 24/7 technologies,4644 Lyons Road
319,"Herman, Moen and Zieme",morph sexy action-items,551 Starling Way
320,"Gutkowski, Keebler and Dickens",revolutionize back-end action-items,9138 Stephen Alley
321,"Runolfsson, Zemlak and Anderson",repurpose interactive supply-chains,028 Dapin Alley
322,Reinger-Witting,disintermediate transparent synergies,26063 Golden Leaf Court
323,"McDermott, Fahey and Bednar",evolve front-end deliverables,06 Sloan Center
324,Schroeder LLC,transition integrated deliverables,851 Glacier Hill Way
325,Hegmann Group,embrace next-generation technologies,861 Ryan Center
326,"Konopelski, Erdman and Friesen",deliver efficient e-services,5846 Columbus Pass
327,Schimmel-Cronin,cultivate impactful infrastructures,07840 Aberg Parkway
328,Kohler-Runolfsson,monetize strategic synergies,6262 Green Alley
329,"Corwin, Wilkinson and Anderson",synergize efficient experiences,5172 Macpherson Terrace
330,Ratke Inc,recontextualize innovative partnerships,3346 Iowa Junction
331,"Torphy, Barton and Hamill",brand value-added supply-chains,39 Fairview Plaza
332,"Braun, Schaefer and Gislason",cultivate e-business partnerships,37745 Ridgeway Pass
333,Anderson-Schmeler,cultivate clicks-and-mortar action-items,3 Kensington Trail
334,"Schamberger, Huels and Barton",incubate robust web services,13 Mcbride Terrace
335,Bartoletti-Gutkowski,embrace best-of-breed partnerships,30 Rutledge Hill
336,"Kovacek, Runte and Jast",drive collaborative channels,6 1st Terrace
337,Crona-Berge,implement value-added platforms,8 Arapahoe Plaza
338,"Fahey, Lowe and Beatty",enhance end-to-end communities,3 Judy Avenue
339,"Emard, Leuschke and Hills",transition vertical supply-chains,63 Kennedy Junction
340,"Parker, Ullrich and Muller",aggregate integrated users,907 Sloan Parkway
341,Littel and Sons,strategize distributed web-readiness,91 Spohn Junction
342,"Carter, Adams and Herman",morph transparent platforms,488 Mitchell Street
343,Fay-Ledner,deliver cutting-edge experiences,558 Reindahl Street
344,Beahan-Kub,morph proactive e-business,26 Charing Cross Crossing
345,Ankunding Group,architect clicks-and-mortar metrics,02305 Kedzie Crossing
346,Farrell LLC,whiteboard vertical experiences,798 Brown Way
347,Zemlak and Sons,monetize scalable schemas,0998 Golf View Trail
348,Larkin-Hackett,visualize sticky e-tailers,52629 Fuller Way
349,Pfeffer Inc,redefine ubiquitous methodologies,43958 Katie Parkway
350,Watsica and Sons,matrix interactive e-business,0 Red Cloud Circle
351,Bednar and Sons,redefine transparent convergence,1 Melody Terrace
352,Reilly-Ruecker,syndicate clicks-and-mortar ROI,7 Ryan Point
353,Von-Macejkovic,matrix sticky infrastructures,58 Aberg Lane
354,Schowalter Group,brand efficient relationships,636 Hauk Court
355,Schumm Group,repurpose rich e-commerce,287 Washington Plaza
356,Schmidt Inc,exploit bricks-and-clicks interfaces,57593 Gerald Point
357,Dach and Sons,facilitate frictionless platforms,5 Lake View Lane
358,"Pagac, Olson and Von",recontextualize seamless technologies,43 Melody Alley
359,Conroy Group,morph web-enabled mindshare,72 Spenser Street
360,Howe Inc,implement viral content,82592 Sachs Crossing
361,Olson-Conn,exploit scalable systems,94 Oakridge Circle
362,O'Reilly-Bradtke,empower cutting-edge users,6 Warbler Avenue
363,"Pfeffer, Jenkins and Keebler",evolve leading-edge communities,49174 Paget Road
364,"Langosh, Steuber and Kshlerin",matrix integrated deliverables,074 Karstens Road
365,Dickens Inc,leverage synergistic e-tailers,5 Lerdahl Place
366,Dibbert-Glover,target efficient channels,0607 Nancy Junction
367,Lemke and Sons,grow front-end metrics,879 David Point
368,McCullough Inc,utilize granular content,234 Pepper Wood Lane
369,Reichert Inc,synthesize revolutionary systems,2 Victoria Court
370,Larson Inc,incentivize plug-and-play applications,978 Derek Place
371,"Klein, Stamm and Parker",implement 24/7 channels,880 Cherokee Plaza
372,Gusikowski Inc,revolutionize collaborative platforms,72311 Old Shore Crossing
373,"Erdman, Greenholt and Maggio",transition collaborative channels,72 Menomonie Circle
374,Trantow Group,envisioneer mission-critical e-markets,60 Eastlawn Hill
375,"Abbott, Grant and Kertzmann",embrace one-to-one metrics,05725 Elgar Plaza
376,Torphy-Streich,target best-of-breed e-markets,22904 Dakota Alley
377,"Witting, Murphy and Price",strategize scalable supply-chains,32 Ilene Place
378,Walker-Lockman,mesh transparent methodologies,20111 Derek Circle
379,"Wilderman, Langworth and Walsh",evolve plug-and-play mindshare,6961 Almo Place
380,"Botsford, Reilly and Lynch",syndicate efficient supply-chains,950 Garrison Place
381,"Skiles, Kemmer and Daugherty",iterate intuitive synergies,309 Jay Avenue
382,Nicolas-Kris,cultivate killer vortals,58511 Lukken Crossing
383,"Osinski, Bechtelar and Jacobs",productize compelling systems,63 Lindbergh Pass
384,Lubowitz LLC,matrix sticky metrics,12368 Butternut Lane
385,Murphy LLC,reintermediate scalable action-items,8 Barby Way
386,Thiel and Sons,visualize cross-platform users,17181 Glendale Alley
387,"Kuhic, Langosh and Berge",benchmark mission-critical deliverables,64422 Dixon Trail
388,Hegmann-McCullough,matrix innovative systems,31 Southridge Terrace
389,Schmidt LLC,brand out-of-the-box vortals,02649 Pawling Crossing
390,Braun and Sons,seize interactive relationships,58734 Mosinee Junction
391,Hermann-Robel,mesh real-time channels,0 Bellgrove Way
392,Reichel-McCullough,engage impactful schemas,1 Fairview Center
393,Schoen-Hirthe,revolutionize B2B relationships,24339 Troy Place
394,Greenfelder Group,engage next-generation niches,6 Chinook Avenue
395,"Beahan, Bogisich and Padberg",unleash dynamic models,54944 Moose Avenue
396,Leuschke Inc,evolve bleeding-edge relationships,5211 Mcguire Circle
397,Erdman LLC,recontextualize out-of-the-box e-commerce,2587 Blue Bill Park Road
398,Sauer and Sons,e-enable proactive vortals,25 Graedel Road
399,Kunde-Jenkins,repurpose robust solutions,5874 Melvin Terrace
400,Koch Group,reinvent sexy vortals,735 North Court
401,Howe-Dach,aggregate world-class platforms,69 Alpine Lane
402,Herzog-McDermott,maximize B2B systems,7659 Garrison Plaza
403,Kutch and Sons,innovate sexy e-tailers,0887 Atwood Hill
404,Mueller-Bode,drive cutting-edge e-commerce,522 North Park
405,Tremblay-Romaguera,incentivize cutting-edge action-items,80 Forest Run Circle
406,Moen-Runolfsson,benchmark cross-media initiatives,26 Dennis Road
407,Halvorson-Collier,evolve viral paradigms,01674 Oakridge Place
408,Huels-Stark,iterate transparent metrics,666 Havey Drive
409,"Glover, Schimmel and Bogisich",deploy one-to-one web services,093 Pennsylvania Alley
410,"Wilkinson, Koelpin and Hoeger",deliver distributed models,45827 Gale Way
411,Runolfsdottir-Hauck,recontextualize leading-edge methodologies,65930 Springs Court
412,Luettgen-Bartoletti,enhance plug-and-play synergies,5604 Barby Trail
413,Miller LLC,maximize virtual e-business,37822 Sundown Junction
414,Kreiger-Thompson,synthesize clicks-and-mortar markets,97575 Fair Oaks Trail
415,Hickle-Monahan,deploy clicks-and-mortar technologies,3892 Esker Hill
416,"Fritsch, Purdy and Wolff",expedite dynamic paradigms,3 Ramsey Court
417,"Gislason, Runolfsson and Corkery",disintermediate open-source interfaces,8553 Butternut Park
418,Jacobs-Ankunding,exploit cross-platform web services,74573 Duke Trail
419,Kautzer LLC,implement collaborative markets,39 Dapin Crossing
420,Schmeler-O'Reilly,engineer user-centric ROI,8308 Corben Plaza
421,Rutherford-Rowe,embrace sticky convergence,3600 Raven Pass
422,Muller-Howe,deliver user-centric schemas,7 Loftsgordon Terrace
423,Connelly-Ankunding,syndicate magnetic bandwidth,13 Cody Point
424,"Friesen, Dickinson and Kertzmann",evolve granular e-tailers,0967 Carioca Park
425,Jerde-Jast,incubate innovative content,6 Green Circle
426,Kihn-Bashirian,maximize back-end technologies,4 Elka Park
427,Sauer-Howe,transition virtual users,54 Riverside Court
428,Batz-Crooks,generate granular e-services,5 Melby Pass
429,Powlowski LLC,visualize magnetic metrics,800 Village Green Road
430,"Grant, Jast and Flatley",revolutionize intuitive e-markets,12261 Briar Crest Circle
431,Klocko-Runolfsdottir,monetize plug-and-play networks,41145 Aberg Alley
432,"Harris, Lang and Renner",transform compelling relationships,8 Arizona Point
433,"Bradtke, Yundt and Powlowski",matrix one-to-one e-tailers,09 Fremont Place
434,Fisher-Huels,whiteboard extensible platforms,5548 Karstens Lane
435,Leannon-Buckridge,implement bleeding-edge e-services,93 Hoard Alley
436,"Casper, Breitenberg and Sanford",harness bleeding-edge web services,858 Monterey Alley
437,Gutkowski-Padberg,e-enable distributed platforms,98611 Parkside Way
438,Lebsack Inc,incentivize enterprise infrastructures,33919 Morningstar Street
439,Bednar-Watsica,productize revolutionary supply-chains,0750 Aberg Plaza
440,"Cormier, Moen and Miller",syndicate wireless portals,6594 Hollow Ridge Point
441,"Crona, Corwin and Corkery",utilize web-enabled experiences,5 Golf View Lane
442,Crist-Yost,drive out-of-the-box experiences,2739 Warner Parkway
443,"Reichel, Dach and Wolff",enable best-of-breed metrics,63 Kedzie Lane
444,"Mertz, Smith and Reinger",engineer extensible channels,7915 International Circle
445,"Erdman, Jacobi and Walsh",enable scalable supply-chains,08 Larry Parkway
446,Krajcik LLC,cultivate visionary infrastructures,12 Myrtle Center
447,Schowalter Group,strategize interactive niches,008 Trailsway Alley
448,"Torp, Muller and Hand",empower front-end e-markets,811 Tennyson Trail
449,Jacobi-O'Kon,leverage seamless web services,84 Farmco Center
450,Reilly LLC,engage revolutionary partnerships,61188 Messerschmidt Place
451,Ondricka LLC,streamline interactive infrastructures,892 Bonner Avenue
452,Abbott-Donnelly,optimize scalable e-business,400 Green Ridge Place
453,Lakin LLC,disintermediate holistic infomediaries,447 Chive Plaza
454,McClure Group,incubate 24/365 channels,45351 Shoshone Park
455,Daniel-Windler,e-enable granular methodologies,8857 Eagan Alley
456,Klein-Hermiston,envisioneer real-time e-markets,21 Hermina Pass
457,Hermann and Sons,aggregate bricks-and-clicks markets,446 Thierer Park
458,Carter-Brekke,recontextualize bleeding-edge supply-chains,951 Cambridge Place
459,"Becker, Bednar and Gottlieb",strategize extensible mindshare,8247 Red Cloud Alley
460,Crist and Sons,scale extensible networks,08 Golden Leaf Hill
461,Gibson-Beatty,seize granular bandwidth,79 Mccormick Pass
462,"Durgan, Gislason and Zieme",productize distributed deliverables,31921 Knutson Hill
463,Reichert-Ankunding,expedite synergistic users,38316 Warrior Point
464,VonRueden-Paucek,drive e-business applications,13975 Jana Parkway
465,Hudson and Sons,optimize back-end paradigms,9156 La Follette Drive
466,O'Hara-Ortiz,enable customized functionalities,39222 Anniversary Junction
467,Kirlin-Bergnaum,revolutionize clicks-and-mortar markets,4636 Mallard Alley
468,Marquardt and Sons,implement dynamic bandwidth,37408 Packers Lane
469,Douglas-Koepp,benchmark visionary web services,59 Oakridge Hill
470,Parisian-Wyman,syndicate interactive niches,7734 Hoffman Park
471,Wilkinson Group,reintermediate transparent schemas,15 Dakota Court
472,Deckow LLC,empower clicks-and-mortar infomediaries,4861 Summit Circle
473,Beatty Inc,scale 24/7 architectures,85982 Hermina Trail
474,Torp-Effertz,engage extensible applications,5 Golf View Alley
475,Wisozk and Sons,grow extensible experiences,623 Brown Pass
476,Romaguera and Sons,repurpose user-centric e-markets,56877 Knutson Alley
477,"Gleichner, White and Rice",brand rich e-markets,0364 Waxwing Hill
478,Fisher Group,optimize rich action-items,21 Pennsylvania Street
479,Beer-Hodkiewicz,reintermediate viral communities,0 Maryland Terrace
480,Swaniawski-Cormier,scale 24/365 e-services,49 Londonderry Place
481,Windler Inc,streamline scalable convergence,944 Loftsgordon Point
482,Bode-Armstrong,synergize proactive mindshare,364 Farragut Way
483,"Hickle, O'Conner and Klocko",e-enable bricks-and-clicks methodologies,8023 Crescent Oaks Hill
484,Romaguera Inc,expedite cross-media solutions,9416 Ridge Oak Pass
485,"Purdy, Hartmann and Braun",implement impactful e-business,33582 Holmberg Alley
486,Bartell-Bailey,e-enable compelling e-services,8 Bartillon Crossing
487,"Casper, Hodkiewicz and Hettinger",e-enable visionary systems,66 Arapahoe Pass
488,Marks-Champlin,synthesize 24/7 bandwidth,8 Troy Parkway
489,Wunsch and Sons,revolutionize seamless content,374 Barby Trail
490,Pollich Inc,strategize granular platforms,9 Warbler Way
491,Schumm-Hayes,morph distributed architectures,0042 Sachtjen Place
492,Nader Inc,benchmark best-of-breed platforms,3366 Pepper Wood Pass
493,Walker-Gleason,incentivize magnetic functionalities,778 Lukken Street
494,Koepp LLC,drive world-class metrics,8 Crownhardt Park
495,Yundt-Kub,redefine one-to-one channels,90 Vidon Center
496,"Nienow, Rau and Shanahan",e-enable global infrastructures,26360 Hoffman Pass
497,"Beer, Mante and Mayert",enhance distributed users,3133 Forster Point
498,Ratke LLC,embrace plug-and-play infrastructures,852 Declaration Point
499,"Keeling, Conn and Oberbrunner",enable best-of-breed bandwidth,35 Oakridge Point
500,"Koelpin, Morar and Hand",leverage e-business schemas,6 Browning Road
501,Deckow Group,synergize transparent infomediaries,213 Bonner Center
502,Weissnat LLC,redefine seamless e-business,8 Mariners Cove Court
503,Bahringer-Witting,revolutionize ubiquitous infomediaries,1852 Eagan Point
504,Rogahn and Sons,orchestrate robust content,56412 Delladonna Circle
505,"Kohler, McKenzie and Feeney",reinvent 24/365 paradigms,66784 Ronald Regan Drive
506,Shields Inc,streamline transparent channels,184 Village Green Plaza
507,Lang-Padberg,exploit revolutionary solutions,36985 Roxbury Hill
508,Dickens and Sons,transition 24/7 mindshare,35829 Kenwood Circle
509,Carroll-Schowalter,monetize open-source deliverables,7 Loftsgordon Parkway
510,Armstrong Group,synergize distributed web-readiness,2261 Elmside Trail
511,Raynor-Mante,enable synergistic portals,64 Annamark Point
512,Kris-Halvorson,engineer cross-platform web-readiness,463 Old Shore Center
513,"Adams, Morissette and Mayer",empower real-time portals,166 Carpenter Plaza
514,"Considine, Oberbrunner and Zemlak",incentivize rich niches,78 Harbort Way
515,Sauer-Rogahn,brand impactful deliverables,85091 Shelley Center
516,Cormier-McClure,revolutionize one-to-one applications,97424 Goodland Avenue
517,"Beahan, Kuphal and Jones",monetize scalable schemas,216 Del Mar Parkway
518,Herzog-Spencer,streamline B2C methodologies,714 Clove Street
519,Larson LLC,incubate plug-and-play infomediaries,52598 Veith Pass
520,Johns LLC,empower one-to-one web services,0 Kinsman Crossing
521,Nienow-Marvin,harness wireless mindshare,4260 Vahlen Center
522,"Price, Breitenberg and Kunde",disintermediate 24/7 action-items,19 Nevada Hill
523,Ernser-Legros,monetize end-to-end supply-chains,7776 Debra Terrace
524,"Hessel, Haley and Ziemann",enhance granular bandwidth,7 Surrey Junction
525,Emmerich-Bechtelar,streamline revolutionary deliverables,45 Gerald Road
526,"Hackett, Dickens and Kshlerin",envisioneer back-end models,9 Lindbergh Trail
527,"Schumm, Hilpert and Stehr",deliver real-time web-readiness,28485 Straubel Lane
528,Ortiz-Crooks,morph turn-key metrics,75214 Larry Court
529,Lockman-Sanford,integrate next-generation metrics,879 Milwaukee Circle
530,Emmerich-Ratke,visualize back-end relationships,6 Hoard Alley
531,"Fisher, Mraz and Bartoletti",whiteboard next-generation experiences,16 Bluejay Street
532,Hansen-Armstrong,empower bricks-and-clicks platforms,7 Monterey Street
533,Wunsch LLC,strategize compelling vortals,25092 Maple Wood Trail
534,Boyer-Prohaska,extend global functionalities,380 Sherman Point
535,Hyatt-Hane,drive robust bandwidth,28 Clarendon Drive
536,Mayer-Mante,exploit integrated e-markets,3552 Victoria Center
537,Herman-Kris,incentivize seamless applications,0 Maywood Place
538,"Lemke, Kshlerin and Fritsch",drive user-centric communities,74492 Crownhardt Street
539,Legros and Sons,empower holistic schemas,946 Kenwood Hill
540,Howe Group,disintermediate open-source ROI,92107 2nd Place
541,"Harris, Smith and Halvorson",unleash sexy users,7199 Macpherson Parkway
542,Lindgren and Sons,productize holistic interfaces,0980 Riverside Point
543,"Auer, Conn and Reinger",empower mission-critical web-readiness,86020 Superior Drive
544,"Zulauf, Buckridge and Bergstrom",expedite integrated infrastructures,32344 Bonner Drive
545,Bode-Jones,iterate cutting-edge synergies,224 Bashford Pass
546,"Raynor, Yost and Johnson",harness strategic niches,1 Ruskin Plaza
547,Heathcote Group,revolutionize plug-and-play users,079 Pearson Plaza
548,Hermiston LLC,innovate cutting-edge eyeballs,71 Crownhardt Pass
549,"Erdman, Lynch and Shanahan",integrate collaborative convergence,40 Esch Drive
550,Hagenes and Sons,maximize innovative platforms,651 Green Ridge Crossing
551,Schaefer and Sons,recontextualize back-end bandwidth,8878 Meadow Valley Park
552,"Williamson, Stamm and Brown",mesh leading-edge synergies,3515 Mesta Plaza
553,"Moore, Schuppe and Sawayn",transform integrated content,9015 Schmedeman Pass
554,Kozey-Ledner,mesh killer markets,4836 Holmberg Junction
555,Powlowski-Wisozk,integrate wireless niches,7292 Porter Hill
556,Mante-Quitzon,syndicate plug-and-play experiences,55694 Fair Oaks Way
557,McCullough LLC,reinvent collaborative infrastructures,9358 Arizona Plaza
558,Sipes Inc,drive turn-key niches,987 Harbort Place
559,"Muller, Koss and Willms",synthesize sexy metrics,367 Main Court
560,"Daniel, Franecki and Ledner",harness B2B niches,9834 Bartelt Crossing
561,Schmeler-Rice,maximize vertical methodologies,8 Carberry Place
562,Lueilwitz LLC,utilize integrated markets,9 Buell Center
563,Becker and Sons,recontextualize virtual solutions,225 Anhalt Park
564,Kilback LLC,leverage 24/365 relationships,00 Briar Crest Park
565,"Lehner, Hoppe and Hintz",brand back-end deliverables,66942 Pawling Parkway
566,Ferry-Kuvalis,benchmark efficient supply-chains,7138 Chinook Crossing
567,"Dicki, Johnston and Funk",morph virtual users,4 Kensington Hill
568,Wehner LLC,e-enable 24/7 ROI,80369 Oakridge Circle
569,"Kemmer, McLaughlin and Mohr",brand proactive relationships,82394 Oriole Place
570,"Hand, Dooley and Herzog",e-enable visionary experiences,4758 Kim Trail
571,"Gutkowski, Leffler and Stokes",transition web-enabled supply-chains,63816 Butternut Trail
572,"Erdman, Rutherford and Ryan",embrace mission-critical ROI,228 Talmadge Circle
573,Olson LLC,streamline innovative models,47185 Fisk Park
574,Schiller-Hauck,redefine impactful channels,050 Nobel Court
575,Morissette and Sons,evolve proactive schemas,88401 Rieder Drive
576,"Quigley, Turcotte and Kerluke",enhance global e-services,29 Green Ridge Circle
577,"Schuppe, Ratke and Hudson",redefine frictionless methodologies,268 Oriole Parkway
578,DuBuque-Pagac,productize collaborative eyeballs,403 Golden Leaf Drive
579,Kiehn-Hessel,seize leading-edge technologies,78050 Coleman Point
580,Lindgren-Morar,leverage open-source initiatives,73 Shoshone Alley
581,"Hills, Herzog and Lemke",architect collaborative solutions,5 Grasskamp Trail
582,"Larkin, Toy and O'Reilly",target one-to-one experiences,959 Ridgeway Center
583,"Mante, Crooks and Hessel",streamline dot-com users,65911 Lerdahl Junction
584,Smitham-Kuphal,iterate cutting-edge methodologies,19 Ridgeway Lane
585,Haley Inc,synergize B2C synergies,7317 Westport Street
586,"Stoltenberg, O'Reilly and O'Hara",utilize B2C architectures,72 Grim Parkway
587,"Hodkiewicz, Osinski and Grimes",architect strategic bandwidth,47236 Mcbride Pass
588,"Larkin, McKenzie and Labadie",seize transparent eyeballs,8938 Cordelia Avenue
589,Conroy and Sons,harness sticky markets,5 Mallard Pass
590,Hackett and Sons,innovate wireless web services,158 Carberry Crossing
591,Tillman Group,engineer seamless infomediaries,545 Gulseth Park
592,Brakus-Langworth,drive collaborative applications,878 Heath Way
593,"Schuster, Walsh and Carroll",redefine front-end partnerships,643 Becker Parkway
594,Collins-Strosin,drive frictionless web-readiness,50087 Debra Avenue
595,Jacobi LLC,morph turn-key networks,28953 Petterle Center
596,Hessel and Sons,innovate next-generation supply-chains,1750 Independence Avenue
597,"Howell, Brown and Hickle",leverage rich convergence,5591 Clyde Gallagher Terrace
598,"Schaden, Kutch and White",generate efficient e-commerce,64887 Lunder Parkway
599,Gleichner Group,transition interactive models,943 Sheridan Circle
600,"Howe, Beer and Braun",extend 24/365 infrastructures,770 Rusk Point
601,"Beer, Swift and Price",streamline global deliverables,16 Judy Park
602,Ritchie Inc,enhance strategic experiences,95 Kingsford Place
603,"Dooley, Witting and Grant",benchmark plug-and-play markets,4 Calypso Circle
604,DuBuque-Hoppe,strategize 24/365 users,1 Annamark Lane
605,Ziemann Inc,productize bleeding-edge eyeballs,74119 North Lane
606,Zulauf-Marquardt,scale distributed e-markets,8157 Fremont Pass
607,Hodkiewicz and Sons,synthesize wireless experiences,014 Ramsey Trail
608,Schinner and Sons,cultivate out-of-the-box models,54830 Katie Pass
609,"O'Reilly, Wilkinson and Keeling",harness plug-and-play e-services,6 New Castle Parkway
610,"Konopelski, Kunde and Murazik",transition end-to-end supply-chains,145 6th Circle
611,Kuhn-Kuhic,productize B2C initiatives,4543 Muir Parkway
612,"Brown, Smith and Sauer",deploy extensible initiatives,8876 Claremont Crossing
613,Welch-Ebert,incubate B2C e-markets,801 Blue Bill Park Avenue
614,"Cummings, Kozey and Von",reintermediate granular schemas,92522 Spohn Crossing
615,Bartoletti-Kertzmann,iterate user-centric e-markets,163 Maple Pass
616,Fahey LLC,harness viral networks,9035 Forest Trail
617,Crona-Leannon,iterate back-end systems,92 Northridge Center
618,Rogahn-Mueller,strategize intuitive e-tailers,5 Crest Line Park
619,Altenwerth-O'Keefe,reinvent interactive content,99 Sommers Center
620,"Jast, Kris and Bernhard",innovate vertical interfaces,57 Lien Plaza
621,"Reilly, Spencer and Kilback",engineer sexy portals,0390 Mendota Plaza
622,Hilpert and Sons,empower holistic web services,44034 Miller Road
623,"Stehr, Upton and Thiel",scale virtual e-markets,320 Judy Alley
624,"Quitzon, Ryan and Keebler",monetize strategic synergies,3000 Leroy Park
625,Mitchell-Lakin,exploit plug-and-play communities,7 Macpherson Park
626,"Keebler, Wolff and O'Conner",engage web-enabled e-markets,45740 Butterfield Center
627,Gulgowski Inc,brand efficient architectures,8523 Meadow Ridge Place
628,Bogisich-Kemmer,benchmark proactive methodologies,1027 Merchant Court
629,Altenwerth LLC,maximize innovative portals,12 Debra Pass
630,Stamm and Sons,deploy B2B users,956 Kropf Road
631,Heathcote-Dach,e-enable proactive e-tailers,63605 Anzinger Circle
632,"Corwin, Sporer and Kertzmann",syndicate viral applications,2 Grasskamp Place
633,Hartmann-Blick,transform collaborative synergies,219 Pearson Hill
634,"Cummings, Friesen and Huel",evolve robust vortals,9500 8th Drive
635,"Witting, Johns and Von",repurpose proactive platforms,373 Onsgard Drive
636,"Bayer, Langosh and Kunze",implement real-time niches,64687 Steensland Court
637,McLaughlin-Cassin,mesh open-source technologies,8777 Dottie Drive
638,Medhurst-McGlynn,facilitate vertical communities,079 Hermina Drive
639,Mayer Inc,facilitate bricks-and-clicks solutions,55577 Messerschmidt Lane
640,"Wolff, Bergnaum and Dietrich",innovate B2C initiatives,8667 Lotheville Alley
641,Denesik and Sons,mesh enterprise experiences,687 Talisman Way
642,Lakin-Stokes,deploy dot-com functionalities,26 Ridgeway Junction
643,"Koss, Davis and Quigley",transform sticky methodologies,226 Bay Avenue
644,"Gleichner, Batz and MacGyver",implement scalable action-items,55 Mccormick Way
645,Langworth-McKenzie,streamline next-generation content,97 Monterey Road
646,Koelpin-Kozey,enhance wireless e-business,7442 Loftsgordon Court
647,Mitchell LLC,repurpose distributed web-readiness,6484 Kenwood Center
648,Wehner and Sons,scale end-to-end schemas,110 Hudson Way
649,Ratke-Bednar,seize distributed synergies,526 Gale Lane
650,"Reynolds, Boyer and Bednar",reinvent real-time communities,5 Welch Pass
651,Gerlach and Sons,leverage turn-key convergence,7551 Merry Hill
652,Waters-Waelchi,incentivize proactive solutions,9 East Lane
653,"Raynor, Zemlak and VonRueden",visualize front-end web-readiness,8 Barnett Circle
654,Bechtelar Inc,redefine sexy paradigms,5 Wayridge Parkway
655,Brakus Inc,repurpose granular initiatives,48057 Oakridge Park
656,Botsford-Abshire,unleash vertical infomediaries,313 Delaware Crossing
657,"Krajcik, Feeney and Rogahn",deploy cross-media schemas,81604 Moulton Center
658,Kiehn-Dickinson,benchmark cutting-edge users,7 Loeprich Crossing
659,"Kuvalis, Wisozk and Wolf",disintermediate collaborative infomediaries,404 Elmside Avenue
660,Baumbach Inc,benchmark dot-com web services,8710 Washington Place
661,Kshlerin-Nolan,generate open-source infrastructures,410 Bultman Way
662,Connelly and Sons,redefine user-centric portals,7 Memorial Crossing
663,Abshire and Sons,matrix bricks-and-clicks action-items,21 Brown Pass
664,Abshire-Hamill,whiteboard vertical deliverables,82 Rigney Crossing
665,Hegmann Inc,synthesize plug-and-play models,12735 Vernon Drive
666,"Toy, O'Reilly and Larkin",integrate interactive channels,6 Memorial Drive
667,Brakus-Beatty,incentivize integrated users,4 Anthes Plaza
668,Hilll-Hauck,incubate extensible models,71 Kropf Lane
669,Gutmann-Rohan,harness collaborative synergies,9 Village Green Road
670,Skiles LLC,recontextualize collaborative users,8 Cordelia Pass
671,Roberts and Sons,iterate extensible action-items,865 Surrey Lane
672,Swift-Fahey,evolve real-time web services,7429 Acker Trail
673,Bayer Inc,benchmark robust partnerships,57519 Lillian Place
674,Breitenberg LLC,monetize frictionless markets,15149 Browning Road
675,Mayer-Schaefer,streamline world-class e-business,62 Brickson Park Center
676,Connelly-O'Connell,deliver cutting-edge niches,53 Huxley Road
677,Wolff LLC,maximize ubiquitous eyeballs,6374 Manitowish Crossing
678,Renner and Sons,visualize plug-and-play schemas,4 Express Park
679,Lind-Herzog,generate 24/7 partnerships,1 Holy Cross Alley
680,Watsica-Armstrong,embrace B2C action-items,12986 Gale Alley
681,Grady Inc,reinvent efficient e-commerce,38 Walton Road
682,"Ledner, Barrows and White",engage e-business mindshare,74 Lake View Trail
683,"Welch, Ritchie and Schmeler",enhance mission-critical paradigms,3 Maryland Center
684,"Hackett, Keebler and Fay",e-enable efficient web services,53 2nd Junction
685,Hamill-Moen,syndicate customized users,39 Moland Crossing
686,Rempel LLC,aggregate revolutionary e-tailers,591 Arkansas Junction
687,Murphy-Ullrich,iterate extensible mindshare,6 Mockingbird Circle
688,Farrell Group,unleash B2C technologies,633 Dunning Circle
689,"Konopelski, Nienow and Mosciski",scale bleeding-edge initiatives,75159 Moulton Place
690,Toy Inc,syndicate back-end bandwidth,20353 Sherman Circle
691,Runolfsdottir-Kautzer,visualize granular relationships,23 Ruskin Park
692,Stracke Inc,facilitate ubiquitous web-readiness,554 Hayes Way
693,Kunze-Gislason,engage strategic schemas,4601 Fisk Plaza
694,Quigley and Sons,exploit transparent schemas,5 Mesta Street
695,Braun-Swaniawski,leverage magnetic portals,8763 Golf Course Court
696,"Metz, McGlynn and Boehm",visualize back-end portals,9 Bluestem Lane
697,Corkery-McDermott,recontextualize turn-key technologies,060 Eggendart Way
698,"Weissnat, Leuschke and Collins",visualize B2B communities,46067 Dryden Place
699,Hintz-Paucek,deploy enterprise mindshare,8807 Cherokee Park
700,Monahan Inc,optimize sexy e-services,2 Kipling Crossing
701,Lubowitz and Sons,extend best-of-breed e-commerce,28 Leroy Park
702,"Walsh, Cole and Purdy",matrix interactive applications,492 Pearson Point
703,Reichel-Reynolds,expedite killer paradigms,27689 Victoria Center
704,Veum-Kertzmann,engineer value-added models,66 Merry Park
705,"Muller, Smitham and Kuhn",streamline innovative web services,6331 Briar Crest Trail
706,O'Hara-Paucek,benchmark plug-and-play applications,5 Spenser Way
707,"Howe, Kessler and Dach",benchmark B2B e-tailers,9369 Glacier Hill Alley
708,"Hudson, Lueilwitz and Emard",optimize mission-critical relationships,3121 Colorado Pass
709,Pagac LLC,incentivize mission-critical niches,07 Stone Corner Pass
710,Lowe LLC,embrace seamless architectures,877 Golden Leaf Way
711,Weimann-McLaughlin,morph clicks-and-mortar deliverables,29644 Brentwood Plaza
712,"Hirthe, Oberbrunner and Gibson",revolutionize real-time mindshare,061 Scott Trail
713,Parisian-West,cultivate best-of-breed architectures,9031 Artisan Junction
714,Yundt-Gislason,embrace distributed portals,9 5th Terrace
715,Ritchie-Littel,benchmark intuitive e-tailers,28212 Montana Junction
716,Yost LLC,iterate wireless systems,6760 Golf Course Place
717,Morissette Inc,evolve intuitive technologies,007 Thompson Alley
718,Effertz-D'Amore,extend magnetic initiatives,33767 Linden Avenue
719,Pollich-Sauer,maximize visionary channels,7864 Forster Road
720,Brekke LLC,reinvent mission-critical infomediaries,80 Eggendart Trail
721,"Ullrich, Thiel and Kiehn",disintermediate value-added e-business,75768 Northport Junction
722,Rohan-Dickinson,embrace B2B e-services,92 Bunker Hill Street
723,Wunsch and Sons,grow viral ROI,9986 Golf View Way
724,Parker LLC,redefine killer markets,0 Rusk Street
725,Watsica-Beatty,visualize web-enabled deliverables,87422 Commercial Park
726,Lemke Inc,harness frictionless supply-chains,81634 Straubel Avenue
727,"Anderson, Dickens and Macejkovic",exploit one-to-one communities,37 Sachs Drive
728,Jacobs-Swaniawski,generate dot-com supply-chains,848 Kingsford Center
729,Bergstrom-Becker,embrace 24/7 e-markets,1900 Fuller Drive
730,"Kshlerin, Jerde and Rosenbaum",maximize visionary synergies,55504 Surrey Drive
731,Rodriguez Group,grow leading-edge partnerships,251 Mallory Drive
732,"Bashirian, Mante and Hauck",e-enable bleeding-edge vortals,532 Sommers Place
733,"Pagac, Heathcote and Purdy",optimize user-centric markets,2 Evergreen Avenue
734,Abernathy-Zieme,seize dynamic content,7863 Rowland Street
735,"Kuhn, Moore and Wisoky",innovate out-of-the-box e-commerce,1785 8th Street
736,Weimann-Baumbach,brand cross-media markets,84157 Forster Hill
737,Rolfson-Franecki,cultivate compelling deliverables,43 Oak Valley Drive
738,"Johns, Jones and Rempel",aggregate granular supply-chains,8366 Monument Hill
739,Walter-Wolff,orchestrate one-to-one ROI,79753 John Wall Pass
740,Durgan Inc,harness mission-critical synergies,4 Mitchell Center
741,Hoppe LLC,revolutionize bleeding-edge markets,106 Gulseth Road
742,"Reinger, Orn and Jacobson",repurpose holistic e-commerce,902 Dunning Way
743,"Williamson, Frami and Abbott",deploy customized schemas,84 Rutledge Circle
744,Hodkiewicz-Ortiz,scale strategic functionalities,613 Thackeray Center
745,Grimes-Shields,redefine interactive architectures,29 Dottie Court
746,"Lang, Auer and Buckridge",unleash transparent content,93 Longview Avenue
747,Lynch-Crooks,incentivize impactful e-tailers,4 Corscot Way
748,"Larkin, Swaniawski and Zieme",integrate bricks-and-clicks content,784 Sugar Center
749,Braun-Dickens,revolutionize impactful content,7 Weeping Birch Way
750,Pagac and Sons,leverage web-enabled functionalities,0 Lighthouse Bay Junction
751,"Mraz, Nolan and Tromp",visualize compelling content,692 Hallows Place
752,Klocko Group,incubate end-to-end e-business,72744 Petterle Plaza
753,"Kling, McCullough and Abshire",productize sexy channels,5 Hanson Road
754,Haag-Baumbach,enhance viral channels,82165 Prairieview Hill
755,"Weissnat, Muller and O'Keefe",repurpose back-end platforms,15331 Lakewood Gardens Lane
756,"Keebler, Farrell and Farrell",exploit user-centric e-services,3 Mccormick Hill
757,Bogisich Inc,expedite open-source mindshare,098 East Junction
758,"Bins, Rosenbaum and Cartwright",incentivize extensible solutions,8613 Elka Pass
759,Hand Group,repurpose global niches,45306 Autumn Leaf Pass
760,Hegmann-Predovic,seize efficient e-business,723 Moose Drive
761,Considine LLC,extend impactful e-tailers,3229 Elgar Hill
762,Kozey LLC,syndicate synergistic initiatives,12779 Menomonie Park
763,Herzog Inc,scale wireless infrastructures,81085 Florence Street
764,Dach-Mayert,grow interactive content,8334 Jenifer Point
765,"Bogan, Wehner and Runolfsdottir",expedite mission-critical technologies,386 Northridge Trail
766,Wiza-Walter,visualize revolutionary supply-chains,241 Coleman Point
767,"Hahn, Feest and Prosacco",utilize cross-platform technologies,3 Meadow Valley Point
768,Schultz-Jacobson,enable extensible eyeballs,23200 Merry Trail
769,Nader-Hintz,implement sexy communities,190 Leroy Point
770,Thiel LLC,deploy 24/7 e-tailers,22 Hovde Plaza
771,"Dickinson, Pollich and Abernathy",empower turn-key niches,2505 Sutteridge Pass
772,Abbott-Hills,deliver e-business models,8 Luster Plaza
773,"Emmerich, Lynch and Quigley",redefine end-to-end e-markets,42 Portage Circle
774,Carroll and Sons,leverage plug-and-play methodologies,76167 Walton Pass
775,Cronin-Romaguera,expedite virtual synergies,61041 Sachs Hill
776,Hills Inc,revolutionize viral e-commerce,68464 Karstens Center
777,Mann Inc,leverage 24/7 eyeballs,0 Nancy Place
778,"Rodriguez, Haley and Stark",harness cross-platform eyeballs,6 Crowley Plaza
779,Schneider LLC,synergize impactful infrastructures,4 Lake View Lane
780,"Kulas, West and Bogan",generate value-added platforms,48906 Canary Hill
781,"Kulas, Greenholt and Bashirian",expedite best-of-breed synergies,4094 Algoma Street
782,Casper and Sons,leverage frictionless synergies,65833 Eastwood Place
783,"Pollich, Langosh and Hoeger",envisioneer sticky paradigms,2 Park Meadow Junction
784,Lubowitz-Hamill,strategize end-to-end paradigms,83929 South Drive
785,Schuppe-Erdman,enable visionary action-items,2 Talisman Trail
786,"Bogan, Kessler and O'Kon",orchestrate out-of-the-box functionalities,94753 Birchwood Place
787,"Reichert, Connelly and Denesik",visualize dot-com infrastructures,8 Thierer Avenue
788,"Lowe, Friesen and Quigley",innovate magnetic infomediaries,817 Lyons Way
789,"Cremin, Johnston and Klocko",envisioneer back-end partnerships,2957 Muir Junction
790,Grady-Fritsch,extend ubiquitous niches,970 Bayside Crossing
791,"Cummerata, Mraz and Funk",evolve customized web services,8 Portage Trail
792,Durgan-Rau,target seamless channels,30097 Bobwhite Center
793,"Rippin, Ruecker and Bergstrom",repurpose killer niches,12267 Crescent Oaks Terrace
794,"Cummings, Jacobi and Murray",iterate user-centric networks,0358 Roxbury Circle
795,Cruickshank-Hyatt,productize customized applications,0118 Westport Junction
796,"Moore, Nienow and Bernier",seize scalable web services,9 Vernon Lane
797,Paucek-Jerde,reintermediate synergistic supply-chains,611 Jana Lane
798,Marvin-Runolfsdottir,visualize killer infomediaries,81071 Hayes Parkway
799,"Medhurst, Greenholt and White",facilitate open-source markets,19 Dayton Circle
800,Gulgowski Inc,leverage ubiquitous mindshare,703 Killdeer Circle
801,Fadel-Grady,leverage customized platforms,1 Mendota Drive
802,Green Inc,embrace bricks-and-clicks web services,65 Debra Lane
803,Kub Group,iterate cross-media schemas,1 Londonderry Drive
804,Schmidt and Sons,envisioneer impactful vortals,53 Buena Vista Pass
805,Ryan-Kassulke,enable clicks-and-mortar ROI,7144 Trailsway Place
806,Streich LLC,matrix value-added methodologies,037 Hayes Place
807,"Thompson, Connelly and Berge",synergize intuitive e-services,9488 Boyd Junction
808,"Towne, Feil and Dibbert",deliver rich e-services,806 Longview Lane
809,Kshlerin Inc,extend cutting-edge niches,6257 Briar Crest Point
810,"Labadie, Klein and Ward",envisioneer ubiquitous schemas,66 Talisman Pass
811,Stokes Group,e-enable sexy paradigms,224 Truax Avenue
812,Jacobs and Sons,utilize frictionless relationships,18 Sugar Street
813,Beier Group,empower seamless communities,10135 Colorado Hill
814,Mitchell LLC,enhance holistic e-business,8 Ohio Park
815,Larson-Bergnaum,matrix strategic eyeballs,5 Straubel Terrace
816,Rice-Conn,synergize back-end platforms,06 Spaight Lane
817,Maggio LLC,target bricks-and-clicks synergies,56 Everett Center
818,"Hane, Ondricka and Huels",syndicate frictionless ROI,9 Pankratz Road
819,"Senger, Schoen and Crona",generate sticky infrastructures,65250 Village Way
820,Tromp-Dickinson,architect collaborative applications,8350 Summit Point
821,Bashirian-Ritchie,expedite cross-platform functionalities,20 Nobel Avenue
822,"Hintz, Weber and Considine",target wireless experiences,6994 Pawling Terrace
823,"Schinner, Davis and Hills",integrate granular models,64356 Stoughton Pass
824,"Murazik, Stoltenberg and Rau",cultivate world-class experiences,5821 Mayer Park
825,"Anderson, Thompson and Shanahan",exploit 24/365 bandwidth,65 Talmadge Pass
826,Hand Inc,enhance robust platforms,5 Susan Crossing
827,Tillman and Sons,empower cutting-edge deliverables,4144 Hazelcrest Pass
828,Heaney-Schuppe,integrate wireless niches,2 Sugar Circle
829,Kohler and Sons,cultivate bricks-and-clicks paradigms,5349 Spohn Center
830,Crist Inc,unleash killer users,36 Bluejay Pass
831,Johnson-Bergnaum,mesh bricks-and-clicks e-markets,713 Aberg Terrace
832,"Denesik, Block and Powlowski",visualize impactful interfaces,10 Pond Hill
833,Homenick-Green,deliver customized infrastructures,0301 Cardinal Point
834,"Steuber, Wiegand and Bailey",recontextualize enterprise communities,5867 Russell Court
835,Krajcik LLC,redefine next-generation vortals,9 Luster Avenue
836,McCullough and Sons,implement enterprise applications,83 Toban Trail
837,Bartell Inc,deliver ubiquitous e-tailers,9 2nd Drive
838,Schaefer and Sons,seize real-time functionalities,75332 Swallow Point
839,"Stoltenberg, Greenfelder and Auer",incentivize killer e-business,2 Arizona Alley
840,Hessel-Zboncak,target sticky portals,60398 Myrtle Place
841,Bashirian LLC,benchmark interactive e-tailers,02023 Hintze Pass
842,O'Reilly LLC,iterate dynamic schemas,5957 Boyd Street
843,Mante and Sons,reintermediate killer markets,5258 Fisk Crossing
844,"Rath, Okuneva and Rau",orchestrate cross-media portals,7868 Johnson Way
845,"Bernier, Leffler and Runte",iterate rich relationships,612 Dwight Lane
846,Sipes-Simonis,deploy clicks-and-mortar web services,3847 Sauthoff Crossing
847,"Kertzmann, Lowe and Becker",enable collaborative e-commerce,5406 Thackeray Street
848,Pagac-Rolfson,harness best-of-breed schemas,5 Bunting Street
849,Pacocha and Sons,embrace interactive technologies,3057 Fremont Junction
850,Blick and Sons,drive synergistic markets,951 Cardinal Terrace
851,"Terry, Ankunding and Berge",utilize B2C supply-chains,21949 Burning Wood Hill
852,D'Amore-Schumm,matrix seamless niches,80 Gulseth Street
853,"Collins, Larkin and Metz",mesh strategic e-tailers,97 Sherman Park
854,"Legros, Hoeger and Kshlerin",unleash magnetic channels,4 Cherokee Alley
855,Conroy-Kub,strategize viral markets,79 Chinook Street
856,"Cremin, Morissette and Padberg",synergize innovative experiences,7798 Crest Line Park
857,Dooley Group,drive 24/365 communities,6944 Gulseth Park
858,Sporer Group,iterate holistic synergies,1790 Tony Circle
859,"Reichel, Beahan and Kling",exploit real-time content,0172 Armistice Hill
860,"Torphy, Klein and Spencer",morph virtual content,3982 Barby Plaza
861,"Reinger, Daugherty and Kub",mesh clicks-and-mortar technologies,6 Dryden Crossing
862,"Koepp, Kutch and Herzog",revolutionize seamless convergence,076 Cambridge Avenue
863,"Schaefer, Frami and West",reintermediate 24/7 web-readiness,768 Summit Drive
864,"Conroy, Reichert and Walsh",evolve world-class methodologies,31938 Coolidge Trail
865,Hahn-Carroll,leverage back-end interfaces,6766 Di Loreto Terrace
866,Ratke-Ratke,whiteboard open-source systems,7 Saint Paul Way
867,Hodkiewicz Inc,enhance back-end e-markets,346 Eagle Crest Way
868,Green and Sons,integrate cutting-edge web services,59 Portage Lane
869,Hoppe-Glover,productize synergistic systems,10 Lakewood Lane
870,"Treutel, Oberbrunner and Stark",reintermediate best-of-breed deliverables,11169 Atwood Crossing
871,"Keeling, Roberts and Price",strategize extensible e-services,59 Maple Wood Way
872,"Connelly, Schinner and Wintheiser",implement impactful e-markets,79 Farragut Drive
873,"Pollich, O'Keefe and Homenick",leverage viral networks,9 Messerschmidt Place
874,Reinger-Keeling,optimize cross-platform relationships,401 Meadow Vale Trail
875,Moore Inc,transform B2C infomediaries,116 Clove Crossing
876,Denesik-Howell,redefine dot-com niches,6326 Londonderry Alley
877,Ziemann-Koepp,whiteboard interactive e-markets,571 Crownhardt Point
878,Streich Inc,maximize distributed relationships,29368 Marcy Alley
879,Hartmann LLC,transition frictionless e-business,525 Pearson Avenue
880,Brakus-Kilback,transform synergistic applications,89 Toban Plaza
881,"Crona, McClure and Ratke",seize global vortals,366 Bonner Drive
882,"Parisian, Turcotte and Herzog",iterate seamless convergence,9 Lakeland Pass
883,Mosciski-Littel,syndicate value-added paradigms,0109 Shopko Alley
884,Stracke-Nicolas,target e-business e-tailers,506 Stephen Junction
885,Keeling-Volkman,disintermediate synergistic content,11743 Gerald Center
886,Kirlin-Grimes,optimize 24/7 e-business,69950 Macpherson Place
887,Haley-Armstrong,repurpose rich e-markets,07 East Point
888,"Wunsch, Jast and Yundt",whiteboard dynamic metrics,47 Forest Dale Plaza
889,Spencer Inc,architect rich ROI,292 Amoth Court
890,"Hilpert, Senger and Grady",utilize compelling networks,252 Tomscot Avenue
891,Powlowski LLC,architect 24/7 applications,2 Lyons Court
892,Durgan LLC,architect global systems,27494 Iowa Trail
893,Lindgren LLC,orchestrate transparent paradigms,5474 Erie Hill
894,"Hettinger, Greenholt and Thompson",extend back-end solutions,18611 Sutteridge Way
895,Feeney Inc,visualize one-to-one supply-chains,3 Lakewood Circle
896,Stracke Inc,facilitate back-end bandwidth,72228 Birchwood Center
897,Cassin and Sons,envisioneer integrated schemas,291 West Place
898,Ratke Inc,reintermediate value-added e-tailers,07 Macpherson Center
899,Ziemann-Greenfelder,reinvent revolutionary schemas,3567 Katie Terrace
900,"Gulgowski, McClure and Hilll",redefine next-generation experiences,74 Monterey Trail
901,"Hilll, Beahan and Terry",cultivate real-time e-commerce,5 Banding Center
902,Funk LLC,maximize rich interfaces,9 Maryland Place
903,Hegmann Inc,cultivate intuitive paradigms,944 Sunbrook Alley
904,Walker-Weissnat,enhance compelling models,615 Scofield Drive
905,"Ledner, Bahringer and Kris",implement innovative infrastructures,3 Nova Pass
906,"Schamberger, Barrows and Towne",benchmark proactive e-commerce,81 Vidon Place
907,"Davis, Schamberger and Howell",extend dot-com web-readiness,38 Hovde Park
908,"Christiansen, Lehner and Fadel",morph 24/365 e-business,64 Manufacturers Junction
909,Hahn-Schaden,reintermediate magnetic networks,4 Kennedy Trail
910,Wilderman-Bednar,disintermediate innovative applications,572 Harper Way
911,Graham Group,architect real-time applications,2 Ridgeway Junction
912,Berge Group,redefine out-of-the-box functionalities,16426 Nevada Trail
913,Watsica-Nolan,integrate intuitive platforms,365 Buell Circle
914,Pagac-Gusikowski,strategize out-of-the-box synergies,358 Oriole Center
915,Marvin and Sons,deploy bleeding-edge bandwidth,45019 Esker Alley
916,Buckridge Inc,harness cross-platform experiences,5 Shoshone Road
917,"Howe, Graham and Murray",envisioneer mission-critical supply-chains,9 Continental Street
918,Bahringer and Sons,mesh one-to-one methodologies,12 Vidon Place
919,Strosin Group,drive mission-critical functionalities,47360 Eagan Hill
920,"Grant, Zieme and Hamill",generate bricks-and-clicks experiences,2 Sutteridge Drive
921,"Osinski, Kuhlman and Romaguera",productize cross-media users,86365 Garrison Hill
922,Beier-Gutkowski,enable best-of-breed eyeballs,94 Hazelcrest Drive
923,Spencer-Mante,enable 24/365 applications,477 Straubel Trail
924,"Emmerich, Kilback and Walter",optimize robust interfaces,0 Dixon Hill
925,Rohan Inc,strategize transparent ROI,80 Petterle Hill
926,Pfeffer-Herzog,reintermediate leading-edge e-business,39188 Atwood Trail
927,MacGyver Inc,integrate B2B deliverables,09 Eggendart Crossing
928,"Hessel, Rath and Reilly",cultivate back-end e-services,93555 5th Point
929,Grady-Predovic,benchmark viral infomediaries,099 Green Ridge Parkway
930,Connelly and Sons,leverage strategic e-markets,9 Charing Cross Point
931,"Jerde, Doyle and VonRueden",grow proactive architectures,108 Butterfield Way
932,Marvin-Bahringer,productize mission-critical vortals,02 Marcy Center
933,Ullrich LLC,orchestrate scalable communities,257 Blaine Circle
934,Hoeger-Ondricka,engage ubiquitous e-services,7 Eagle Crest Court
935,Anderson-Boehm,transform innovative channels,84 Bunting Way
936,Wolf-Dibbert,cultivate efficient applications,862 Fulton Avenue
937,Shanahan-Haag,implement global mindshare,273 Ridgeview Terrace
938,Leuschke-Howe,deliver out-of-the-box web services,8723 Lindbergh Drive
939,Crooks Group,implement strategic e-tailers,89110 Darwin Lane
940,Bradtke LLC,syndicate intuitive supply-chains,1 Chive Terrace
941,Marks and Sons,whiteboard bricks-and-clicks markets,81545 Ohio Terrace
942,Ferry Group,embrace scalable metrics,2842 Ronald Regan Drive
943,Koch-Harris,architect holistic communities,81107 Moland Parkway
944,"Torphy, Reilly and Brakus",target end-to-end mindshare,966 Gerald Junction
945,Feil Group,transition turn-key functionalities,1415 Dapin Center
946,Gibson and Sons,grow viral e-tailers,13474 Ohio Avenue
947,"Zboncak, Mohr and Wehner",unleash leading-edge mindshare,07 Johnson Lane
948,Wiza-Cartwright,engineer user-centric vortals,3 Merry Plaza
949,Terry and Sons,implement sticky architectures,76 Jenifer Plaza
950,"Kohler, Walker and Stroman",synergize holistic solutions,6 Hansons Crossing
951,Cremin-Stiedemann,enhance global functionalities,3402 Chive Place
952,"Roberts, Langworth and Beatty",utilize back-end solutions,7311 Hallows Court
953,Erdman-King,aggregate real-time e-tailers,8 Quincy Junction
954,Okuneva-Keeling,mesh front-end portals,243 Graedel Point
955,"Dach, Heaney and Yost",matrix open-source initiatives,3800 Sundown Parkway
956,Volkman-Jacobi,monetize leading-edge solutions,5 High Crossing Hill
957,"Ziemann, Metz and Ferry",visualize bricks-and-clicks e-tailers,4 Elgar Place
958,"Williamson, Medhurst and Leannon",revolutionize magnetic supply-chains,9 Jay Road
959,Osinski-Hermiston,whiteboard seamless partnerships,76 East Park
960,"Price, Russel and Lubowitz",synergize cutting-edge systems,31746 Michigan Junction
961,"Towne, Stracke and Kilback",evolve one-to-one vortals,24928 Bluestem Junction
962,"DuBuque, Bogisich and King",generate one-to-one bandwidth,3955 Mesta Plaza
963,Legros-Von,iterate plug-and-play partnerships,7230 Pine View Hill
964,Borer-Tremblay,whiteboard killer convergence,9889 Old Gate Park
965,Hartmann LLC,evolve proactive initiatives,177 Atwood Center
966,Senger-Lesch,aggregate vertical functionalities,3 Toban Court
967,"Marks, Sanford and Cremin",harness value-added web services,72319 Harper Hill
968,Baumbach Inc,synergize world-class applications,378 2nd Point
969,Welch-Blanda,syndicate seamless paradigms,5 Grayhawk Parkway
970,"Jerde, Kutch and Tremblay",iterate leading-edge applications,7 Old Gate Junction
971,Murphy-Strosin,innovate collaborative ROI,256 Melrose Drive
972,Feeney Inc,embrace best-of-breed methodologies,96468 Graedel Lane
973,"Cronin, West and Metz",deploy synergistic initiatives,3046 Swallow Alley
974,Satterfield-Doyle,unleash killer markets,8877 Jenna Avenue
975,DuBuque and Sons,transform cross-media experiences,53148 Shopko Circle
976,Little-Collier,cultivate holistic action-items,8 Sullivan Crossing
977,"Blanda, Sipes and Nienow",deliver integrated supply-chains,09463 Clove Way
978,Brown-Spinka,cultivate innovative convergence,31764 Hayes Hill
979,Corkery and Sons,utilize user-centric ROI,7512 Burning Wood Circle
980,Schoen-Lebsack,enable transparent e-markets,65 Sullivan Court
981,"Schiller, Corkery and Bode",revolutionize innovative niches,19 Myrtle Plaza
982,Marks-McGlynn,e-enable plug-and-play vortals,25 Vahlen Point
983,Heaney-Kihn,seize value-added infomediaries,139 Declaration Pass
984,"Jacobi, Auer and Gusikowski",morph compelling synergies,01173 Michigan Park
985,Corwin-Schoen,optimize B2B platforms,97 Jackson Lane
986,"Herman, Padberg and Kuhn",orchestrate real-time metrics,76893 Petterle Hill
987,Bogisich Inc,mesh clicks-and-mortar partnerships,0900 Northridge Center
988,"Spinka, Stanton and Sauer",reintermediate B2B action-items,1402 Pierstorff Way
989,"Lowe, Yundt and Schiller",benchmark B2B functionalities,5632 Larry Pass
990,"Schowalter, Nicolas and Quitzon",engage sticky eyeballs,51 Kedzie Pass
991,Ebert LLC,architect bricks-and-clicks eyeballs,2 Clemons Place
992,"Hagenes, Oberbrunner and Legros",implement end-to-end technologies,47317 Burning Wood Plaza
993,Marvin-Von,extend clicks-and-mortar applications,963 Hoffman Pass
994,"Simonis, Ward and Jones",innovate collaborative partnerships,8 Red Cloud Lane
995,Keebler-Muller,synergize best-of-breed markets,5341 Sauthoff Center
996,Kutch Inc,transition rich infomediaries,9 Sherman Center
997,Thiel-Rosenbaum,iterate world-class markets,078 Kennedy Lane
998,Hermiston LLC,recontextualize front-end convergence,9064 Summit Center
999,"Grant, Sawayn and Rutherford",embrace holistic infrastructures,840 Leroy Lane
1000,Barrows and Sons,exploit cross-media content,4 Claremont Place
